<?xml version='1.0' encoding='UTF-8'?>
<!DOCTYPE beans PUBLIC '-//SPRING//DTD BEAN//EN' 'http://www.springframework.org/dtd/spring-beans.dtd'>
<!-- Licensed to the Apache Software Foundation (ASF) under one or more contributor 
	license agreements. See the NOTICE file distributed with this work for additional 
	information regarding copyright ownership. The ASF licenses this file to 
	You under the Apache License, Version 2.0 (the "License"); you may not use 
	this file except in compliance with the License. You may obtain a copy of 
	the License at http://www.apache.org/licenses/LICENSE-2.0 Unless required 
	by applicable law or agreed to in writing, software distributed under the 
	License is distributed on an "AS IS" BASIS, WITHOUT WARRANTIES OR CONDITIONS 
	OF ANY KIND, either express or implied. See the License for the specific 
	language governing permissions and limitations under the License. -->
<beans>
	<!--Import the message bundle for the core i18n, non-UI stuff like patch 
		messages -->
	<bean id="org.alfresco.tutorial.add-patch-repo.i18nResourceBundles"
		class="org.alfresco.i18n.ResourceBundleBootstrapComponent">
		<property name="resourceBundles">
			<list>
				<value>alfresco.module.demo-repo.messages.patch-messages</value>
			</list>
		</property>
	</bean>
	<bean id="patch.contentCreationPatch" class="com.cts.examples.CustomContentPatch"
		parent="basePatch">
		<property name="id">
			<value>org.alfresco.tutorial.patch.contentCreationPatch</value>
		</property>
		<property name="description">
			<value>org.alfresco.tutorial.patch.contentCreationPatch.description</value>
		</property>
		<property name="fixesFromSchema">
			<value>0</value>
		</property>
		<property name="fixesToSchema">
			<value>${version.schema}</value>
		</property>
		<property name="targetSchema">
			<value>10000</value>
		</property>
		<property name="serviceRegistry">
			<ref bean="ServiceRegistry" />
		</property>
	</bean>

	<bean id="org.alfresco.tutorial.policy.documentEventHandler"
		class="com.cts.examples.CustomDocumentEventHandler" init-method="registerEventHandlers">
		<property name="policyComponent">
			<ref bean="policyComponent" />
		</property>
		<property name="serviceRegistry">
			<ref bean="ServiceRegistry" />
		</property>
	</bean>
	<bean id="org.alfresco.training.customRootObject" class="com.cts.examples.CustomRootObject"
		parent="baseJavaScriptExtension">
		<property name="extensionName" value="custom" />
	</bean>
		<bean id="custom-action" class="com.cts.examples.CustomAction"
			parent="action-executer">
			<property name="serviceRegistry">
				<ref bean="ServiceRegistry" />
			</property>
		</bean>
		<!-- Custom job for trigger START -->
		<bean id="customJob" class="org.springframework.scheduling.quartz.JobDetailBean">
			<property name="jobClass">
				<value>com.cts.examples.CustomJob</value>
			</property>
			<property name="jobDataAsMap">
				<map>
					<entry key="serviceRegistry">
						<ref bean="ServiceRegistry" />
					</entry>
					<entry key="transactionService">
						<ref bean="transactionService" />
					</entry>
				</map>
			</property>
		</bean>
		<bean id="customJobTrigger" class="org.alfresco.util.CronTriggerBean">
			<property name="jobDetail">
				<ref bean="customJob" />
			</property>
			<property name="scheduler">
				<ref bean="schedulerFactory" />
			</property>
			<property name="cronExpression">
				<value>0 0/1 * * * ?</value>
				<!--<value>${custom.job.cron.expression.trigger.value}</value> -->
			</property>
		</bean>

	
	<bean id="webscript.helloworld.get" class="com.cts.demo.demoamp.HelloWorldWebScript"
		parent="webscript">
	</bean>
</beans>
